k,Inertia,Silhouette_Score,Davies_Bouldin_Score,Silhouette_Rank,DB_Rank,Combined_Rank
2,58079.101569479244,0.20202938411199647,1.8178719113874369,1,9,10
3,48212.76778607094,0.19783521105562477,1.6665436125829591,2,4,6
4,42632.146099103724,0.17639064621058242,1.6338186587383987,3,2,5
5,39235.58690511394,0.1670760442372235,1.495298435342934,4,1,5
6,37146.1248953963,0.1631845591460682,1.6647303728429916,5,3,8
7,35375.46136462404,0.15391629194857454,1.725999763004102,6,6,12
8,33853.67242796645,0.1502922656620204,1.7882911876911087,8,8,16
9,32654.78189202401,0.1492681057473575,1.7611612636159049,9,7,16
10,31485.950445525392,0.15126428728230326,1.708215311544734,7,5,12
